<?xml version="1.0" encoding="UTF-8"?>
<project-private xmlns="http://www.netbeans.org/ns/project-private/1">
    <editor-bookmarks xmlns="http://www.netbeans.org/ns/editor-bookmarks/2" lastBookmarkId="0"/>
    <open-files xmlns="http://www.netbeans.org/ns/projectui-open-files/2">
        <group>
            <file>file:/home/bernie/NetBeansProjects/threeVP.js/src/core.js</file>
            <file>file:/home/bernie/NetBeansProjects/threeVP.js/modules.json</file>
            <file>file:/home/bernie/NetBeansProjects/threeVP.js/src/threeVP.js</file>
            <file>file:/home/bernie/NetBeansProjects/threeVP.js/config.json</file>
            <file>file:/home/bernie/NetBeansProjects/threeVP.js/package.json</file>
            <file>file:/home/bernie/NetBeansProjects/threeVP.js/gulpfile.js</file>
        </group>
    </open-files>
</project-private>
