[
    {
        "src" : "jquery/dist/jquery.js",
        "dest" : "./src/vendor/jquery/jquery.js"
    },{
        "src" : "lodash/lodash.js",
        "dest" : "./src/vendor/lodash/lodash.js"
    },{
        "src" : "lodash-es/lodash.js",
        "dest" : "./src/vendor/lodash-es/lodash.js"
    },{
        "src" : "lodash/lodash.min.js",
        "dest" : "./src/vendor/lodash/lodash.min.js"
    },{
        "src" : "backbone/backbone.js",
        "dest" : "./src/vendor/backbone/backbone.js"
    },
    
    {
        "src" : "requirejs/require.js",
        "dest" : "./src/vendor/require/require.js"
    },{
        "src" : "requirejs-text/text.js",
        "dest" : "./src/vendor/require/text.js"
    },{
        "src" : "requirejs-plugins/src/json.js",
        "dest" : "./src/vendor/require/json.js"
    },{
        "src" : "requirejs-plugins/src/async.js",
        "dest" : "./src/vendor/require/async.js"
    },{
        "src" : "requirejs-base64-plugin/base64.js",
        "dest" : "./src/vendor/require/base64.js"
    },{
        "src" : "requirejs-base64/base64.js",
        "dest" : "./src/vendor/base64.js"
    },{
        "src" : "i18n/i18n.js",
        "dest" : "./src/vendor/require/i18n.js"
    },{
        "src" : "requirejs-less/less.js",
        "dest" : "./src/vendor/require/less.js"
    },{
        "src" : "requirejs-less/lessc.js",
        "dest" : "./src/vendor/require/lessc.js"
    },{
        "src" : "requirejs-less/normalize.js",
        "dest" : "./src/vendor/require/normalize.js"
    },{
        "src" : "babel/index.js",
        "dest" : "./src/vendor/require/babel.min.js"
    },{
        "src" : "requirejs-babel/es6.js",
        "dest" : "./src/vendor/require/es6.js"
    },{
        "src" : "babel-plugin-module-resolver-standalone/index.js",
        "dest" : "./src/vendor/require/babel-plugin-module-resolver.js"
    },
    
    
    
    
    {
        "src" : "punycode/punycode.js",
        "dest" : "./src/vendor/punycode.js"
    },{
        "src" : "url/url.js",
        "dest" : "./src/vendor/url.js",
        "req" : "[\"punycode\", \"require\"]", "name" : "punycode, require",
        "mod" : "url"
    },
    
    {
        "src" : "three/build/three.js",
        "dest" : "./src/vendor/three/three.js"
    },{
        "src" : "three/build/three.module.js",
        "dest" : "./src/vendor/three/three.module.js"
    },{
        "src" : "three/examples/js/renderers/Projector.js",
        "dest" : "./src/vendor/three/renderers/Projector.js",
        "req" : "[\"three\"]", "name" : "THREE",
        "mod" : "THREE.Projector"
    },{
        "src" : "three/examples/jsm/renderers/Projector.js",
        "dest" : "./src/vendor/three/renderers/Projector.module.js"
    },{
        "src" : "three/examples/js/controls/OrbitControls.js",
        "dest" : "./src/vendor/three/controls/OrbitControls.js",
        "req" : "[\"three\"]", "name" : "THREE",
        "mod" : "THREE.OrbitControls"
    },{
        "src" : "three/examples/jsm/controls/OrbitControls.js",
        "dest" : "./src/vendor/three/controls/OrbitControls.module.js"
    },{
        "src" : "three/examples/js/controls/DragControls.js",
        "dest" : "./src/vendor/three/controls/DragControls.js",
        "req" : "[\"three\"]", "name" : "THREE",
        "mod" : "THREE.DragControls"
    },{
        "src" : "three/examples/jsm/controls/DragControls.js",
        "dest" : "./src/vendor/three/controls/DragControls.module.js"
    },{
        "src" : "three/examples/js/controls/OrthographicTrackballControls.js",
        "dest" : "./src/vendor/three/controls/OrthographicTrackballControls.js",
        "req" : "[\"three\"]", "name" : "THREE",
        "mod" : "THREE.OrthographicTrackballControls"
    },{
        "src" : "three/examples/jsm/controls/OrthographicTrackballControls.js",
        "dest" : "./src/vendor/three/controls/OrthographicTrackballControls.module.js"
    },{
        "src" : "three/examples/js/controls/TrackballControls.js",
        "dest" : "./src/vendor/three/controls/TrackballControls.js",
        "req" : "[\"three\"]", "name" : "THREE",
        "mod" : "THREE.TrackballControls"
    },{
        "src" : "three/examples/jsm/controls/TrackballControls.js",
        "dest" : "./src/vendor/three/controls/TrackballControls.module.js"
    },{
        "src" : "three/examples/js/controls/TransformControls.js",
        "dest" : "./src/vendor/three/controls/TransformControls.js",
        "req" : "[\"three\"]", "name" : "THREE",
        "mod" : "THREE.TransformControls"
    },{
        "src" : "three/examples/jsm/controls/TransformControls.js",
        "dest" : "./src/vendor/three/controls/TransformControls.module.js"
    }
]
